{"content":[],"settings":{"template":"default","system_colors":[{"_id":"primary","title":"Primary","color":"#131313"},{"_id":"secondary","title":"Secondary","color":"#333333"},{"_id":"text","title":"Text","color":"#454545"},{"_id":"accent","title":"Accent","color":"#131313"}],"custom_colors":[{"_id":"6b81909","title":"Grey 300","color":"#DDDDDD"},{"_id":"67137da","title":"Grey 200","color":"#00F70C"},{"_id":"65cbbcd","title":"Grey 100","color":"#F4F4F4"},{"_id":"08ed143","title":"White","color":"#FFFFFF"},{"_id":"6b81909","title":"Grey 300","color":"#DDDDDD"},{"_id":"67137da","title":"Grey 200","color":"#EEEEEE"},{"_id":"65cbbcd","title":"Grey 100","color":"#F4F4F4"},{"_id":"08ed143","title":"White","color":"#FFFFFF"}],"typography_enable_styleguide_preview":"yes","system_typography":[{"_id":"primary","title":"Primary","typography_typography":"custom","typography_font_family":"DM Sans","typography_font_weight":"400"},{"_id":"secondary","title":"Secondary","typography_typography":"custom","typography_font_family":"DM Sans","typography_font_weight":"400"},{"_id":"text","title":"Text","typography_typography":"custom","typography_font_family":"DM Sans","typography_font_weight":"400"},{"_id":"accent","title":"Accent","typography_typography":"custom","typography_font_family":"DM Sans","typography_font_weight":"400"}],"custom_typography":[{"_id":"12cf9ed","title":"H1","typography_typography":"custom","typography_font_family":"Sora","typography_font_size":{"unit":"px","size":40,"sizes":[]}}],"default_generic_fonts":"Sans-serif","page_title_selector":"h1.entry-title","hello_footer_copyright_text":"All rights reserved","activeItemIndex":1,"viewport_md":768,"viewport_lg":1025,"colors_enable_styleguide_preview":"yes","default_page_template":"elementor_canvas","container_padding_mobile":{"unit":"rem","top":"0","right":"1","bottom":"0","left":"1","isLinked":false},"body_color":"#333333","paragraph_spacing":{"unit":"em","size":1.3,"sizes":[]},"__globals__":{"body_color":"globals\/colors?id=secondary","body_typography_typography":"globals\/typography?id=primary","link_normal_color":"globals\/colors?id=secondary","link_normal_typography_typography":"","link_hover_color":"globals\/colors?id=primary","h1_color":"globals\/colors?id=primary","h1_typography_typography":"globals\/typography?id=primary","h2_color":"globals\/colors?id=primary","h2_typography_typography":"globals\/typography?id=primary","h3_color":"globals\/colors?id=primary","h3_typography_typography":"globals\/typography?id=primary","h4_color":"globals\/colors?id=primary","h4_typography_typography":"globals\/typography?id=primary","h5_color":"globals\/colors?id=primary","h5_typography_typography":"globals\/typography?id=primary","h6_color":"globals\/colors?id=primary","h6_typography_typography":"globals\/typography?id=primary","button_typography_typography":"globals\/typography?id=primary","button_text_color":"globals\/colors?id=65cbbcd","button_background_color":"globals\/colors?id=primary","button_hover_background_color":"globals\/colors?id=secondary","form_label_color":"globals\/colors?id=secondary","form_label_typography_typography":"globals\/typography?id=secondary","form_field_typography_typography":"globals\/typography?id=secondary","form_field_text_color":"globals\/colors?id=text","form_field_background_color":"globals\/colors?id=67137da","form_field_focus_text_color":"globals\/colors?id=secondary","form_field_focus_background_color":"globals\/colors?id=08ed143","hello_header_title_color":"globals\/colors?id=primary","hello_header_title_typography_typography":"globals\/typography?id=primary","hello_header_tagline_color":"globals\/colors?id=text","hello_header_tagline_typography_typography":"globals\/typography?id=secondary","hello_header_menu_color":"globals\/colors?id=primary","hello_header_menu_toggle_color":"globals\/colors?id=text","hello_header_menu_typography_typography":"globals\/typography?id=primary","hello_footer_tagline_color":"globals\/colors?id=primary","hello_footer_tagline_typography_typography":"globals\/typography?id=primary","hello_footer_menu_color":"globals\/colors?id=primary","hello_footer_menu_typography_typography":"globals\/typography?id=secondary","hello_footer_copyright_color":"globals\/colors?id=text","hello_footer_copyright_typography_typography":"globals\/typography?id=secondary","settings_page_transitions_background_color":"globals\/colors?id=primary","button_hover_text_color":"globals\/colors?id=08ed143"},"button_border_radius":{"unit":"px","top":"6","right":"6","bottom":"6","left":"6","isLinked":true},"image_border_radius":{"unit":"px","top":"12","right":"12","bottom":"12","left":"12","isLinked":true},"form_field_border_radius":{"unit":"px","top":"6","right":"6","bottom":"6","left":"6","isLinked":true},"body_typography_typography":"custom","body_typography_font_family":"DM Sans","body_typography_font_weight":"400","link_normal_color":"#333333","link_normal_typography_font_family":"DM Sans","link_hover_color":"#131313","h1_color":"#131313","h1_typography_typography":"custom","h1_typography_font_family":"DM Sans","h1_typography_font_weight":"400","h2_color":"#131313","h2_typography_typography":"custom","h2_typography_font_family":"DM Sans","h2_typography_font_weight":"400","h3_color":"#131313","h3_typography_typography":"custom","h3_typography_font_family":"DM Sans","h3_typography_font_weight":"700","h4_color":"#131313","h4_typography_typography":"custom","h4_typography_font_family":"DM Sans","h4_typography_font_weight":"400","h5_color":"#131313","h5_typography_typography":"custom","h5_typography_font_family":"DM Sans","h5_typography_font_weight":"400","h6_color":"#131313","h6_typography_typography":"custom","h6_typography_font_family":"DM Sans","h6_typography_font_weight":"400","button_typography_typography":"custom","button_typography_font_family":"DM Sans","button_typography_font_weight":"700","button_text_color":"#F4F4F4","button_background_color":"#131313","button_hover_background_color":"#333333","form_label_color":"#333333","form_label_typography_typography":"custom","form_label_typography_font_family":"DM Sans","form_label_typography_font_weight":"700","form_field_typography_typography":"custom","form_field_typography_font_family":"DM Sans","form_field_typography_font_weight":"400","form_field_text_color":"#454545","form_field_background_color":"#EEEEEE","form_field_focus_text_color":"#333333","form_field_focus_background_color":"#FFFFFF","hello_header_title_color":"#131313","button_hover_text_color":"#FFFFFF","settings_page_transitions_background_color":"#131313","hello_header_title_typography_typography":"custom","hello_header_title_typography_font_family":"DM Sans","hello_header_title_typography_font_weight":"400","hello_header_tagline_color":"#454545","hello_header_tagline_typography_typography":"custom","hello_header_tagline_typography_font_family":"DM Sans","hello_header_tagline_typography_font_weight":"400","hello_header_menu_color":"#131313","hello_header_menu_typography_typography":"custom","hello_header_menu_typography_font_family":"DM Sans","hello_header_menu_typography_font_weight":"400","hello_footer_tagline_color":"#131313","hello_footer_tagline_typography_typography":"custom","hello_footer_tagline_typography_font_family":"DM Sans","hello_footer_tagline_typography_font_weight":"400","hello_footer_menu_color":"#131313","hello_footer_menu_typography_typography":"custom","hello_footer_menu_typography_font_family":"DM Sans","hello_footer_menu_typography_font_weight":"400","hello_footer_copyright_color":"#454545","hello_footer_copyright_typography_typography":"custom","hello_footer_copyright_typography_font_family":"DM Sans","hello_footer_copyright_typography_font_weight":"400","hello_header_menu":"0","link_normal_typography_text_decoration":"underline","link_hover_typography_typography":"custom","link_hover_typography_text_decoration":"none","h3_typography_font_size":{"unit":"rem","size":3,"sizes":[]},"container_width":{"unit":"px","size":1216,"sizes":[]}},"metadata":[]}